id;name;title;totalprice;date
1;Kentucky;Gorgeous;47193;2024-03-11
2;COM Response needs-based;Buckinghamshire Shirt red;78266;2024-03-10
3;Garden scale;Innovative SQL Checking;97190;2024-03-11
4;Operations;connecting Executive;3847;2024-03-10
5;Re-contextualized multi-state withdrawal;scalable Course;99687;2024-03-10
6;grey end-to-end optimize;Luxembourg;18132;2024-03-10
7;Facilitator deliver Forest;innovate;16350;2024-03-10
8;transmit;synthesizing;52956;2024-03-10
9;IB Alabama port;Dynamic generation maximize;75828;2024-03-10
10;Pizza multi-byte mindshare;SSL Tools parsing;88171;2024-03-10
